[
  {
    "name": "Shanghai",
    "code": "CNSHA",
    "country": "China",
    "city": "Shanghai",
    "type": "sea",
    "lat": 31.2304,
    "lon": 121.4737,
    "source": "manual",
    "active": true,
    "created_at": "2025-12-25T03:32:25.547514Z"
  },
  {
    "name": "Singapore",
    "code": "SGSIN",
    "country": "Singapore",
    "city": "Singapore",
    "type": "sea",
    "lat": 1.2644,
    "lon": 103.82,
    "source": "manual",
    "active": true,
    "created_at": "2025-12-25T03:32:25.547891Z"
  },
  {
    "name": "Ningbo-Zhoushan",
    "code": "CNNGB",
    "country": "China",
    "city": "Ningbo",
    "type": "sea",
    "lat": 29.8683,
    "lon": 121.544,
    "source": "manual",
    "active": true,
    "created_at": "2025-12-25T03:32:25.547905Z"
  },
  {
    "name": "Shenzhen",
    "code": "CNSZX",
    "country": "China",
    "city": "Shenzhen",
    "type": "sea",
    "lat": 22.5431,
    "lon": 114.0579,
    "source": "manual",
    "active": true,
    "created_at": "2025-12-25T03:32:25.547909Z"
  },
  {
    "name": "Guangzhou",
    "code": "CNGZQ",
    "country": "China",
    "city": "Guangzhou",
    "type": "sea",
    "lat": 23.1291,
    "lon": 113.2644,
    "source": "manual",
    "active": true,
    "created_at": "2025-12-25T03:32:25.547912Z"
  },
  {
    "name": "Busan",
    "code": "KRPUS",
    "country": "South Korea",
    "city": "Busan",
    "type": "sea",
    "lat": 35.1796,
    "lon": 129.0756,
    "source": "manual",
    "active": true,
    "created_at": "2025-12-25T03:32:25.547914Z"
  },
  {
    "name": "Rotterdam",
    "code": "NLRTM",
    "country": "Netherlands",
    "city": "Rotterdam",
    "type": "sea",
    "lat": 51.9167,
    "lon": 4.5,
    "source": "manual",
    "active": true,
    "created_at": "2025-12-25T03:32:25.547917Z"
  },
  {
    "name": "Hong Kong",
    "code": "HKHKG",
    "country": "Hong Kong",
    "city": "Hong Kong",
    "type": "sea",
    "lat": 22.3193,
    "lon": 114.1694,
    "source": "manual",
    "active": true,
    "created_at": "2025-12-25T03:32:25.547919Z"
  },
  {
    "name": "Dubai",
    "code": "AEDXB",
    "country": "UAE",
    "city": "Dubai",
    "type": "sea",
    "lat": 25.2048,
    "lon": 55.2708,
    "source": "manual",
    "active": true,
    "created_at": "2025-12-25T03:32:25.547922Z"
  },
  {
    "name": "Port Klang",
    "code": "MYPKG",
    "country": "Malaysia",
    "city": "Port Klang",
    "type": "sea",
    "lat": 3.0,
    "lon": 101.4,
    "source": "manual",
    "active": true,
    "created_at": "2025-12-25T03:32:25.547924Z"
  },
  {
    "name": "Antwerp",
    "code": "BEANR",
    "country": "Belgium",
    "city": "Antwerp",
    "type": "sea",
    "lat": 51.2194,
    "lon": 4.4025,
    "source": "manual",
    "active": true,
    "created_at": "2025-12-25T03:32:25.547927Z"
  },
  {
    "name": "Los Angeles",
    "code": "USLAX",
    "country": "USA",
    "city": "Los Angeles",
    "type": "sea",
    "lat": 33.7405,
    "lon": -118.2667,
    "source": "manual",
    "active": true,
    "created_at": "2025-12-25T03:32:25.547930Z"
  },
  {
    "name": "Hamburg",
    "code": "DEHAM",
    "country": "Germany",
    "city": "Hamburg",
    "type": "sea",
    "lat": 53.5511,
    "lon": 9.9937,
    "source": "manual",
    "active": true,
    "created_at": "2025-12-25T03:32:25.547932Z"
  },
  {
    "name": "Tanjung Pelepas",
    "code": "MYTPP",
    "country": "Malaysia",
    "city": "Tanjung Pelepas",
    "type": "sea",
    "lat": 1.45,
    "lon": 103.9,
    "source": "manual",
    "active": true,
    "created_at": "2025-12-25T03:32:25.547935Z"
  },
  {
    "name": "Laem Chabang",
    "code": "THLCH",
    "country": "Thailand",
    "city": "Laem Chabang",
    "type": "sea",
    "lat": 13.03,
    "lon": 100.92,
    "source": "manual",
    "active": true,
    "created_at": "2025-12-25T03:32:25.547937Z"
  },
  {
    "name": "Durban",
    "code": "ZADUR",
    "country": "South Africa",
    "city": "Durban",
    "type": "sea",
    "lat": -29.8579,
    "lon": 31.0292,
    "source": "manual",
    "active": true,
    "created_at": "2025-12-25T03:32:25.547940Z"
  },
  {
    "name": "Algeciras",
    "code": "ESALG",
    "country": "Spain",
    "city": "Algeciras",
    "type": "sea",
    "lat": 36.1408,
    "lon": -5.4563,
    "source": "manual",
    "active": true,
    "created_at": "2025-12-25T03:32:25.547942Z"
  },
  {
    "name": "Santos",
    "code": "BRSSZ",
    "country": "Brazil",
    "city": "Santos",
    "type": "sea",
    "lat": -23.9678,
    "lon": -46.3336,
    "source": "manual",
    "active": true,
    "created_at": "2025-12-25T03:32:25.547945Z"
  },
  {
    "name": "Valencia",
    "code": "ESVLC",
    "country": "Spain",
    "city": "Valencia",
    "type": "sea",
    "lat": 39.4699,
    "lon": -0.3763,
    "source": "manual",
    "active": true,
    "created_at": "2025-12-25T03:32:25.547947Z"
  },
  {
    "name": "Felixstowe",
    "code": "GBFXT",
    "country": "UK",
    "city": "Felixstowe",
    "type": "sea",
    "lat": 51.96,
    "lon": 1.35,
    "source": "manual",
    "active": true,
    "created_at": "2025-12-25T03:32:25.547950Z"
  },
  {
    "name": "Qingdao",
    "code": "CNQIN",
    "country": "China",
    "city": "Qingdao",
    "type": "sea",
    "lat": 36.0671,
    "lon": 120.3826,
    "source": "manual",
    "active": true,
    "created_at": "2025-12-25T03:32:25.547952Z"
  },
  {
    "name": "Kaohsiung",
    "code": "TWKHH",
    "country": "Taiwan",
    "city": "Kaohsiung",
    "type": "sea",
    "lat": 22.6163,
    "lon": 120.3133,
    "source": "manual",
    "active": true,
    "created_at": "2025-12-25T03:32:25.547955Z"
  },
  {
    "name": "Long Beach",
    "code": "USLGB",
    "country": "USA",
    "city": "Long Beach",
    "type": "sea",
    "lat": 33.7542,
    "lon": -118.215,
    "source": "manual",
    "active": true,
    "created_at": "2025-12-25T03:32:25.547957Z"
  },
  {
    "name": "Hamburg",
    "code": "DEHAM",
    "country": "Germany",
    "city": "Hamburg",
    "type": "sea",
    "lat": 53.5511,
    "lon": 9.9937,
    "source": "manual",
    "active": true,
    "created_at": "2025-12-25T03:32:25.547960Z"
  },
  {
    "name": "Jebel Ali",
    "code": "AEDXB",
    "country": "UAE",
    "city": "Dubai",
    "type": "sea",
    "lat": 25.014,
    "lon": 55.052,
    "source": "manual",
    "active": true,
    "created_at": "2025-12-25T03:32:25.547962Z"
  },
  {
    "name": "Antwerp",
    "code": "BEANR",
    "country": "Belgium",
    "city": "Antwerp",
    "type": "sea",
    "lat": 51.2194,
    "lon": 4.4025,
    "source": "manual",
    "active": true,
    "created_at": "2025-12-25T03:32:25.547965Z"
  },
  {
    "name": "Kaoshiung",
    "code": "TWKHH",
    "country": "Taiwan",
    "city": "Kaohsiung",
    "type": "sea",
    "lat": 22.6163,
    "lon": 120.3133,
    "source": "manual",
    "active": true,
    "created_at": "2025-12-25T03:32:25.547967Z"
  },
  {
    "name": "Melbourne",
    "code": "AUMEL",
    "country": "Australia",
    "city": "Melbourne",
    "type": "sea",
    "lat": -37.8136,
    "lon": 144.9631,
    "source": "manual",
    "active": true,
    "created_at": "2025-12-25T03:32:25.547970Z"
  },
  {
    "name": "Vancouver",
    "code": "CAVAN",
    "country": "Canada",
    "city": "Vancouver",
    "type": "sea",
    "lat": 49.2827,
    "lon": -123.1207,
    "source": "manual",
    "active": true,
    "created_at": "2025-12-25T03:32:25.547972Z"
  },
  {
    "name": "Le Havre",
    "code": "FRLEH",
    "country": "France",
    "city": "Le Havre",
    "type": "sea",
    "lat": 49.4944,
    "lon": 0.1079,
    "source": "manual",
    "active": true,
    "created_at": "2025-12-25T03:32:25.547975Z"
  },
  {
    "name": "Hamburg",
    "code": "DEHAM",
    "country": "Germany",
    "city": "Hamburg",
    "type": "sea",
    "lat": 53.5511,
    "lon": 9.9937,
    "source": "manual",
    "active": true,
    "created_at": "2025-12-25T03:32:25.547977Z"
  },
  {
    "name": "Savannah",
    "code": "USSAV",
    "country": "USA",
    "city": "Savannah",
    "type": "sea",
    "lat": 32.0835,
    "lon": -81.0998,
    "source": "manual",
    "active": true,
    "created_at": "2025-12-25T03:32:25.547980Z"
  },
  {
    "name": "Yokohama",
    "code": "JPYOK",
    "country": "Japan",
    "city": "Yokohama",
    "type": "sea",
    "lat": 35.4437,
    "lon": 139.638,
    "source": "manual",
    "active": true,
    "created_at": "2025-12-25T03:32:25.547982Z"
  },
  {
    "name": "Piraeus",
    "code": "GRPIR",
    "country": "Greece",
    "city": "Piraeus",
    "type": "sea",
    "lat": 37.94,
    "lon": 23.64,
    "source": "manual",
    "active": true,
    "created_at": "2025-12-25T03:32:25.547985Z"
  },
  {
    "name": "Genoa",
    "code": "ITGOA",
    "country": "Italy",
    "city": "Genoa",
    "type": "sea",
    "lat": 44.4056,
    "lon": 8.9463,
    "source": "manual",
    "active": true,
    "created_at": "2025-12-25T03:32:25.547987Z"
  },
  {
    "name": "Antwerp",
    "code": "BEANR",
    "country": "Belgium",
    "city": "Antwerp",
    "type": "sea",
    "lat": 51.2194,
    "lon": 4.4025,
    "source": "manual",
    "active": true,
    "created_at": "2025-12-25T03:32:25.547990Z"
  },
  {
    "name": "La Spezia",
    "code": "ITLSP",
    "country": "Italy",
    "city": "La Spezia",
    "type": "sea",
    "lat": 44.1,
    "lon": 9.8333,
    "source": "manual",
    "active": true,
    "created_at": "2025-12-25T03:32:25.547992Z"
  },
  {
    "name": "Colombo",
    "code": "LKCMB",
    "country": "Sri Lanka",
    "city": "Colombo",
    "type": "sea",
    "lat": 6.9271,
    "lon": 79.8612,
    "source": "manual",
    "active": true,
    "created_at": "2025-12-25T03:32:25.548000Z"
  },
  {
    "name": "Chennai",
    "code": "INMAA",
    "country": "India",
    "city": "Chennai",
    "type": "sea",
    "lat": 13.0827,
    "lon": 80.2707,
    "source": "manual",
    "active": true,
    "created_at": "2025-12-25T03:32:25.548003Z"
  },
  {
    "name": "Mumbai",
    "code": "INBOM",
    "country": "India",
    "city": "Mumbai",
    "type": "sea",
    "lat": 19.076,
    "lon": 72.8777,
    "source": "manual",
    "active": true,
    "created_at": "2025-12-25T03:32:25.548005Z"
  },
  {
    "name": "Nhava Sheva",
    "code": "INNSA",
    "country": "India",
    "city": "Jawaharlal Nehru",
    "type": "sea",
    "lat": 18.912,
    "lon": 72.995,
    "source": "manual",
    "active": true,
    "created_at": "2025-12-25T03:32:25.548008Z"
  },
  {
    "name": "Durban",
    "code": "ZADUR",
    "country": "South Africa",
    "city": "Durban",
    "type": "sea",
    "lat": -29.8579,
    "lon": 31.0292,
    "source": "manual",
    "active": true,
    "created_at": "2025-12-25T03:32:25.548010Z"
  },
  {
    "name": "Cape Town",
    "code": "ZACPT",
    "country": "South Africa",
    "city": "Cape Town",
    "type": "sea",
    "lat": -33.9249,
    "lon": 18.4241,
    "source": "manual",
    "active": true,
    "created_at": "2025-12-25T03:32:25.548013Z"
  },
  {
    "name": "Valpara\u00edso",
    "code": "CLVAP",
    "country": "Chile",
    "city": "Valpara\u00edso",
    "type": "sea",
    "lat": -33.0472,
    "lon": -71.6127,
    "source": "manual",
    "active": true,
    "created_at": "2025-12-25T03:32:25.548015Z"
  },
  {
    "name": "Buenos Aires",
    "code": "ARBUE",
    "country": "Argentina",
    "city": "Buenos Aires",
    "type": "sea",
    "lat": -34.6037,
    "lon": -58.3816,
    "source": "manual",
    "active": true,
    "created_at": "2025-12-25T03:32:25.548018Z"
  },
  {
    "name": "Callao",
    "code": "PECLL",
    "country": "Peru",
    "city": "Callao",
    "type": "sea",
    "lat": -12.0464,
    "lon": -77.0428,
    "source": "manual",
    "active": true,
    "created_at": "2025-12-25T03:32:25.548020Z"
  },
  {
    "name": "Manzanillo",
    "code": "MXZLO",
    "country": "Mexico",
    "city": "Manzanillo",
    "type": "sea",
    "lat": 19.0586,
    "lon": -104.2933,
    "source": "manual",
    "active": true,
    "created_at": "2025-12-25T03:32:25.548023Z"
  },
  {
    "name": "Veracruz",
    "code": "MXVER",
    "country": "Mexico",
    "city": "Veracruz",
    "type": "sea",
    "lat": 19.1738,
    "lon": -96.1342,
    "source": "manual",
    "active": true,
    "created_at": "2025-12-25T03:32:25.548025Z"
  },
  {
    "name": "Cartagena",
    "code": "COCTG",
    "country": "Colombia",
    "city": "Cartagena",
    "type": "sea",
    "lat": 10.391,
    "lon": -75.4794,
    "source": "manual",
    "active": true,
    "created_at": "2025-12-25T03:32:25.548028Z"
  },
  {
    "name": "Guayaquil",
    "code": "ECGYE",
    "country": "Ecuador",
    "city": "Guayaquil",
    "type": "sea",
    "lat": -2.17,
    "lon": -79.9224,
    "source": "manual",
    "active": true,
    "created_at": "2025-12-25T03:32:25.548030Z"
  },
  {
    "name": "Rio de Janeiro",
    "code": "BRRIO",
    "country": "Brazil",
    "city": "Rio de Janeiro",
    "type": "sea",
    "lat": -22.9068,
    "lon": -43.1729,
    "source": "manual",
    "active": true,
    "created_at": "2025-12-25T03:32:25.548033Z"
  },
  {
    "name": "Paranagu\u00e1",
    "code": "BRPNG",
    "country": "Brazil",
    "city": "Paranagu\u00e1",
    "type": "sea",
    "lat": -25.5167,
    "lon": -48.5167,
    "source": "manual",
    "active": true,
    "created_at": "2025-12-25T03:32:25.548035Z"
  },
  {
    "name": "Antwerp",
    "code": "BEANR",
    "country": "Belgium",
    "city": "Antwerp",
    "type": "sea",
    "lat": 51.2194,
    "lon": 4.4025,
    "source": "manual",
    "active": true,
    "created_at": "2025-12-25T03:32:25.548038Z"
  },
  {
    "name": "Zeebrugge",
    "code": "BEZEE",
    "country": "Belgium",
    "city": "Zeebrugge",
    "type": "sea",
    "lat": 51.3342,
    "lon": 3.207,
    "source": "manual",
    "active": true,
    "created_at": "2025-12-25T03:32:25.548040Z"
  },
  {
    "name": "Bremerhaven",
    "code": "DEBRV",
    "country": "Germany",
    "city": "Bremerhaven",
    "type": "sea",
    "lat": 53.5396,
    "lon": 8.5805,
    "source": "manual",
    "active": true,
    "created_at": "2025-12-25T03:32:25.548043Z"
  },
  {
    "name": "Hamburg",
    "code": "DEHAM",
    "country": "Germany",
    "city": "Hamburg",
    "type": "sea",
    "lat": 53.5511,
    "lon": 9.9937,
    "source": "manual",
    "active": true,
    "created_at": "2025-12-25T03:32:25.548045Z"
  },
  {
    "name": "Amsterdam",
    "code": "NLAMS",
    "country": "Netherlands",
    "city": "Amsterdam",
    "type": "sea",
    "lat": 52.3791,
    "lon": 4.9003,
    "source": "manual",
    "active": true,
    "created_at": "2025-12-25T03:32:25.548048Z"
  },
  {
    "name": "Rotterdam",
    "code": "NLRTM",
    "country": "Netherlands",
    "city": "Rotterdam",
    "type": "sea",
    "lat": 51.9167,
    "lon": 4.5,
    "source": "manual",
    "active": true,
    "created_at": "2025-12-25T03:32:25.548050Z"
  },
  {
    "name": "Felixstowe",
    "code": "GBFXT",
    "country": "UK",
    "city": "Felixstowe",
    "type": "sea",
    "lat": 51.96,
    "lon": 1.35,
    "source": "manual",
    "active": true,
    "created_at": "2025-12-25T03:32:25.548053Z"
  },
  {
    "name": "London",
    "code": "GBLON",
    "country": "UK",
    "city": "London",
    "type": "sea",
    "lat": 51.5074,
    "lon": 0.1278,
    "source": "manual",
    "active": true,
    "created_at": "2025-12-25T03:32:25.548055Z"
  },
  {
    "name": "Liverpool",
    "code": "GBLIV",
    "country": "UK",
    "city": "Liverpool",
    "type": "sea",
    "lat": 53.4084,
    "lon": -2.9916,
    "source": "manual",
    "active": true,
    "created_at": "2025-12-25T03:32:25.548058Z"
  },
  {
    "name": "Southampton",
    "code": "GBSOU",
    "country": "UK",
    "city": "Southampton",
    "type": "sea",
    "lat": 50.9097,
    "lon": -1.4044,
    "source": "manual",
    "active": true,
    "created_at": "2025-12-25T03:32:25.548060Z"
  },
  {
    "name": "Leix\u00f5es",
    "code": "PTLEI",
    "country": "Portugal",
    "city": "Leix\u00f5es",
    "type": "sea",
    "lat": 41.1828,
    "lon": -8.6881,
    "source": "manual",
    "active": true,
    "created_at": "2025-12-25T03:32:25.548063Z"
  },
  {
    "name": "Lisbon",
    "code": "PTLIS",
    "country": "Portugal",
    "city": "Lisbon",
    "type": "sea",
    "lat": 38.7169,
    "lon": -9.1396,
    "source": "manual",
    "active": true,
    "created_at": "2025-12-25T03:32:25.548065Z"
  },
  {
    "name": "Marseille",
    "code": "FRMRS",
    "country": "France",
    "city": "Marseille",
    "type": "sea",
    "lat": 43.2965,
    "lon": 5.3698,
    "source": "manual",
    "active": true,
    "created_at": "2025-12-25T03:32:25.548068Z"
  },
  {
    "name": "Dunkirk",
    "code": "FRDKK",
    "country": "France",
    "city": "Dunkirk",
    "type": "sea",
    "lat": 51.0344,
    "lon": 2.3768,
    "source": "manual",
    "active": true,
    "created_at": "2025-12-25T03:32:25.548070Z"
  },
  {
    "name": "Le Havre",
    "code": "FRLEH",
    "country": "France",
    "city": "Le Havre",
    "type": "sea",
    "lat": 49.4944,
    "lon": 0.1079,
    "source": "manual",
    "active": true,
    "created_at": "2025-12-25T03:32:25.548073Z"
  },
  {
    "name": "Fos-sur-Mer",
    "code": "FRFOS",
    "country": "France",
    "city": "Fos-sur-Mer",
    "type": "sea",
    "lat": 43.435,
    "lon": 4.996,
    "source": "manual",
    "active": true,
    "created_at": "2025-12-25T03:32:25.548075Z"
  },
  {
    "name": "Antwerp",
    "code": "BEANR",
    "country": "Belgium",
    "city": "Antwerp",
    "type": "sea",
    "lat": 51.2194,
    "lon": 4.4025,
    "source": "manual",
    "active": true,
    "created_at": "2025-12-25T03:32:25.548078Z"
  },
  {
    "name": "Zeebrugge",
    "code": "BEZEE",
    "country": "Belgium",
    "city": "Zeebrugge",
    "type": "sea",
    "lat": 51.3342,
    "lon": 3.207,
    "source": "manual",
    "active": true,
    "created_at": "2025-12-25T03:32:25.548080Z"
  },
  {
    "name": "Hamburg",
    "code": "DEHAM",
    "country": "Germany",
    "city": "Hamburg",
    "type": "sea",
    "lat": 53.5511,
    "lon": 9.9937,
    "source": "manual",
    "active": true,
    "created_at": "2025-12-25T03:32:25.548083Z"
  },
  {
    "name": "Bremerhaven",
    "code": "DEBRV",
    "country": "Germany",
    "city": "Bremerhaven",
    "type": "sea",
    "lat": 53.5396,
    "lon": 8.5805,
    "source": "manual",
    "active": true,
    "created_at": "2025-12-25T03:32:25.548085Z"
  },
  {
    "name": "Wilhelmshaven",
    "code": "DEWHV",
    "country": "Germany",
    "city": "Wilhelmshaven",
    "type": "sea",
    "lat": 53.5297,
    "lon": 8.112,
    "source": "manual",
    "active": true,
    "created_at": "2025-12-25T03:32:25.548088Z"
  },
  {
    "name": "Rotterdam",
    "code": "NLRTM",
    "country": "Netherlands",
    "city": "Rotterdam",
    "type": "sea",
    "lat": 51.9167,
    "lon": 4.5,
    "source": "manual",
    "active": true,
    "created_at": "2025-12-25T03:32:25.548090Z"
  },
  {
    "name": "Amsterdam",
    "code": "NLAMS",
    "country": "Netherlands",
    "city": "Amsterdam",
    "type": "sea",
    "lat": 52.3791,
    "lon": 4.9003,
    "source": "manual",
    "active": true,
    "created_at": "2025-12-25T03:32:25.548093Z"
  },
  {
    "name": "Antwerp",
    "code": "BEANR",
    "country": "Belgium",
    "city": "Antwerp",
    "type": "sea",
    "lat": 51.2194,
    "lon": 4.4025,
    "source": "manual",
    "active": true,
    "created_at": "2025-12-25T03:32:25.548095Z"
  },
  {
    "name": "Zeebrugge",
    "code": "BEZEE",
    "country": "Belgium",
    "city": "Zeebrugge",
    "type": "sea",
    "lat": 51.3342,
    "lon": 3.207,
    "source": "manual",
    "active": true,
    "created_at": "2025-12-25T03:32:25.548098Z"
  },
  {
    "name": "Le Havre",
    "code": "FRLEH",
    "country": "France",
    "city": "Le Havre",
    "type": "sea",
    "lat": 49.4944,
    "lon": 0.1079,
    "source": "manual",
    "active": true,
    "created_at": "2025-12-25T03:32:25.548100Z"
  },
  {
    "name": "Valencia",
    "code": "ESVLC",
    "country": "Spain",
    "city": "Valencia",
    "type": "sea",
    "lat": 39.4699,
    "lon": -0.3763,
    "source": "manual",
    "active": true,
    "created_at": "2025-12-25T03:32:25.548103Z"
  },
  {
    "name": "Barcelona",
    "code": "ESBCN",
    "country": "Spain",
    "city": "Barcelona",
    "type": "sea",
    "lat": 41.3851,
    "lon": 2.1734,
    "source": "manual",
    "active": true,
    "created_at": "2025-12-25T03:32:25.548105Z"
  },
  {
    "name": "Bilbao",
    "code": "ESBIO",
    "country": "Spain",
    "city": "Bilbao",
    "type": "sea",
    "lat": 43.263,
    "lon": -2.9349,
    "source": "manual",
    "active": true,
    "created_at": "2025-12-25T03:32:25.548108Z"
  },
  {
    "name": "Genoa",
    "code": "ITGOA",
    "country": "Italy",
    "city": "Genoa",
    "type": "sea",
    "lat": 44.4056,
    "lon": 8.9463,
    "source": "manual",
    "active": true,
    "created_at": "2025-12-25T03:32:25.548110Z"
  },
  {
    "name": "Trieste",
    "code": "ITTRS",
    "country": "Italy",
    "city": "Trieste",
    "type": "sea",
    "lat": 45.6495,
    "lon": 13.7768,
    "source": "manual",
    "active": true,
    "created_at": "2025-12-25T03:32:25.548113Z"
  },
  {
    "name": "Venice",
    "code": "ITVCE",
    "country": "Italy",
    "city": "Venice",
    "type": "sea",
    "lat": 45.4408,
    "lon": 12.3155,
    "source": "manual",
    "active": true,
    "created_at": "2025-12-25T03:32:25.548115Z"
  },
  {
    "name": "Livorno",
    "code": "ITLIV",
    "country": "Italy",
    "city": "Livorno",
    "type": "sea",
    "lat": 43.5485,
    "lon": 10.3106,
    "source": "manual",
    "active": true,
    "created_at": "2025-12-25T03:32:25.548118Z"
  },
  {
    "name": "Naples",
    "code": "ITNAP",
    "country": "Italy",
    "city": "Naples",
    "type": "sea",
    "lat": 40.8518,
    "lon": 14.2681,
    "source": "manual",
    "active": true,
    "created_at": "2025-12-25T03:32:25.548120Z"
  },
  {
    "name": "La Spezia",
    "code": "ITLSP",
    "country": "Italy",
    "city": "La Spezia",
    "type": "sea",
    "lat": 44.1,
    "lon": 9.8333,
    "source": "manual",
    "active": true,
    "created_at": "2025-12-25T03:32:25.548123Z"
  },
  {
    "name": "Marseille",
    "code": "FRMRS",
    "country": "France",
    "city": "Marseille",
    "type": "sea",
    "lat": 43.2965,
    "lon": 5.3698,
    "source": "manual",
    "active": true,
    "created_at": "2025-12-25T03:32:25.548125Z"
  },
  {
    "name": "Dunkirk",
    "code": "FRDKK",
    "country": "France",
    "city": "Dunkirk",
    "type": "sea",
    "lat": 51.0344,
    "lon": 2.3768,
    "source": "manual",
    "active": true,
    "created_at": "2025-12-25T03:32:25.548128Z"
  },
  {
    "name": "Le Havre",
    "code": "FRLEH",
    "country": "France",
    "city": "Le Havre",
    "type": "sea",
    "lat": 49.4944,
    "lon": 0.1079,
    "source": "manual",
    "active": true,
    "created_at": "2025-12-25T03:32:25.548130Z"
  },
  {
    "name": "Fos-sur-Mer",
    "code": "FRFOS",
    "country": "France",
    "city": "Fos-sur-Mer",
    "type": "sea",
    "lat": 43.435,
    "lon": 4.996,
    "source": "manual",
    "active": true,
    "created_at": "2025-12-25T03:32:25.548133Z"
  },
  {
    "name": "Rotterdam",
    "code": "NLRTM",
    "country": "Netherlands",
    "city": "Rotterdam",
    "type": "sea",
    "lat": 51.9167,
    "lon": 4.5,
    "source": "manual",
    "active": true,
    "created_at": "2025-12-25T03:32:25.548135Z"
  },
  {
    "name": "Amsterdam",
    "code": "NLAMS",
    "country": "Netherlands",
    "city": "Amsterdam",
    "type": "sea",
    "lat": 52.3791,
    "lon": 4.9003,
    "source": "manual",
    "active": true,
    "created_at": "2025-12-25T03:32:25.548138Z"
  },
  {
    "name": "Antwerp",
    "code": "BEANR",
    "country": "Belgium",
    "city": "Antwerp",
    "type": "sea",
    "lat": 51.2194,
    "lon": 4.4025,
    "source": "manual",
    "active": true,
    "created_at": "2025-12-25T03:32:25.548140Z"
  },
  {
    "name": "Zeebrugge",
    "code": "BEZEE",
    "country": "Belgium",
    "city": "Zeebrugge",
    "type": "sea",
    "lat": 51.3342,
    "lon": 3.207,
    "source": "manual",
    "active": true,
    "created_at": "2025-12-25T03:32:25.548143Z"
  },
  {
    "name": "Hamburg",
    "code": "DEHAM",
    "country": "Germany",
    "city": "Hamburg",
    "type": "sea",
    "lat": 53.5511,
    "lon": 9.9937,
    "source": "manual",
    "active": true,
    "created_at": "2025-12-25T03:32:25.548146Z"
  },
  {
    "name": "Bremerhaven",
    "code": "DEBRV",
    "country": "Germany",
    "city": "Bremerhaven",
    "type": "sea",
    "lat": 53.5396,
    "lon": 8.5805,
    "source": "manual",
    "active": true,
    "created_at": "2025-12-25T03:32:25.548148Z"
  },
  {
    "name": "Wilhelmshaven",
    "code": "DEWHV",
    "country": "Germany",
    "city": "Wilhelmshaven",
    "type": "sea",
    "lat": 53.5297,
    "lon": 8.112,
    "source": "manual",
    "active": true,
    "created_at": "2025-12-25T03:32:25.548151Z"
  },
  {
    "name": "Antwerp",
    "code": "BEANR",
    "country": "Belgium",
    "city": "Antwerp",
    "type": "sea",
    "lat": 51.2194,
    "lon": 4.4025,
    "source": "manual",
    "active": true,
    "created_at": "2025-12-25T03:32:25.548153Z"
  },
  {
    "name": "Leix\u00f5es",
    "code": "PTLEI",
    "country": "Portugal",
    "city": "Leix\u00f5es",
    "type": "sea",
    "lat": 41.1828,
    "lon": -8.6881,
    "source": "manual",
    "active": true,
    "created_at": "2025-12-25T03:32:25.548156Z"
  },
  {
    "name": "Lisbon",
    "code": "PTLIS",
    "country": "Portugal",
    "city": "Lisbon",
    "type": "sea",
    "lat": 38.7169,
    "lon": -9.1396,
    "source": "manual",
    "active": true,
    "created_at": "2025-12-25T03:32:25.548158Z"
  },
  {
    "name": "Set\u00fabal",
    "code": "PTSET",
    "country": "Portugal",
    "city": "Set\u00fabal",
    "type": "sea",
    "lat": 38.5244,
    "lon": -8.8881,
    "source": "manual",
    "active": true,
    "created_at": "2025-12-25T03:32:25.548161Z"
  },
  {
    "name": "London",
    "code": "GBLON",
    "country": "UK",
    "city": "London",
    "type": "sea",
    "lat": 51.5074,
    "lon": 0.1278,
    "source": "manual",
    "active": true,
    "created_at": "2025-12-25T03:32:25.548163Z"
  },
  {
    "name": "Felixstowe",
    "code": "GBFXT",
    "country": "UK",
    "city": "Felixstowe",
    "type": "sea",
    "lat": 51.96,
    "lon": 1.35,
    "source": "manual",
    "active": true,
    "created_at": "2025-12-25T03:32:25.548166Z"
  },
  {
    "name": "Liverpool",
    "code": "GBLIV",
    "country": "UK",
    "city": "Liverpool",
    "type": "sea",
    "lat": 53.4084,
    "lon": -2.9916,
    "source": "manual",
    "active": true,
    "created_at": "2025-12-25T03:32:25.548168Z"
  },
  {
    "name": "Southampton",
    "code": "GBSOU",
    "country": "UK",
    "city": "Southampton",
    "type": "sea",
    "lat": 50.9097,
    "lon": -1.4044,
    "source": "manual",
    "active": true,
    "created_at": "2025-12-25T03:32:25.548171Z"
  },
  {
    "name": "Le Havre",
    "code": "FRLEH",
    "country": "France",
    "city": "Le Havre",
    "type": "sea",
    "lat": 49.4944,
    "lon": 0.1079,
    "source": "manual",
    "active": true,
    "created_at": "2025-12-25T03:32:25.548173Z"
  },
  {
    "name": "Antwerp",
    "code": "BEANR",
    "country": "Belgium",
    "city": "Antwerp",
    "type": "sea",
    "lat": 51.2194,
    "lon": 4.4025,
    "source": "manual",
    "active": true,
    "created_at": "2025-12-25T03:32:25.548176Z"
  },
  {
    "name": "Zeebrugge",
    "code": "BEZEE",
    "country": "Belgium",
    "city": "Zeebrugge",
    "type": "sea",
    "lat": 51.3342,
    "lon": 3.207,
    "source": "manual",
    "active": true,
    "created_at": "2025-12-25T03:32:25.548178Z"
  },
  {
    "name": "Hamburg",
    "code": "DEHAM",
    "country": "Germany",
    "city": "Hamburg",
    "type": "sea",
    "lat": 53.5511,
    "lon": 9.9937,
    "source": "manual",
    "active": true,
    "created_at": "2025-12-25T03:32:25.548181Z"
  },
  {
    "name": "Bremerhaven",
    "code": "DEBRV",
    "country": "Germany",
    "city": "Bremerhaven",
    "type": "sea",
    "lat": 53.5396,
    "lon": 8.5805,
    "source": "manual",
    "active": true,
    "created_at": "2025-12-25T03:32:25.548183Z"
  },
  {
    "name": "Wilhelmshaven",
    "code": "DEWHV",
    "country": "Germany",
    "city": "Wilhelmshaven",
    "type": "sea",
    "lat": 53.5297,
    "lon": 8.112,
    "source": "manual",
    "active": true,
    "created_at": "2025-12-25T03:32:25.548186Z"
  },
  {
    "name": "Antwerp",
    "code": "BEANR",
    "country": "Belgium",
    "city": "Antwerp",
    "type": "sea",
    "lat": 51.2194,
    "lon": 4.4025,
    "source": "manual",
    "active": true,
    "created_at": "2025-12-25T03:32:25.548188Z"
  },
  {
    "name": "Leix\u00f5es",
    "code": "PTLEI",
    "country": "Portugal",
    "city": "Leix\u00f5es",
    "type": "sea",
    "lat": 41.1828,
    "lon": -8.6881,
    "source": "manual",
    "active": true,
    "created_at": "2025-12-25T03:32:25.548191Z"
  },
  {
    "name": "Lisbon",
    "code": "PTLIS",
    "country": "Portugal",
    "city": "Lisbon",
    "type": "sea",
    "lat": 38.7169,
    "lon": -9.1396,
    "source": "manual",
    "active": true,
    "created_at": "2025-12-25T03:32:25.548193Z"
  },
  {
    "name": "Set\u00fabal",
    "code": "PTSET",
    "country": "Portugal",
    "city": "Set\u00fabal",
    "type": "sea",
    "lat": 38.5244,
    "lon": -8.8881,
    "source": "manual",
    "active": true,
    "created_at": "2025-12-25T03:32:25.548196Z"
  },
  {
    "name": "Marseille",
    "code": "FRMRS",
    "country": "France",
    "city": "Marseille",
    "type": "sea",
    "lat": 43.2965,
    "lon": 5.3698,
    "source": "manual",
    "active": true,
    "created_at": "2025-12-25T03:32:25.548198Z"
  },
  {
    "name": "Fos-sur-Mer",
    "code": "FRFOS",
    "country": "France",
    "city": "Fos-sur-Mer",
    "type": "sea",
    "lat": 43.435,
    "lon": 4.996,
    "source": "manual",
    "active": true,
    "created_at": "2025-12-25T03:32:25.548201Z"
  },
  {
    "name": "Le Havre",
    "code": "FRLEH",
    "country": "France",
    "city": "Le Havre",
    "type": "sea",
    "lat": 49.4944,
    "lon": 0.1079,
    "source": "manual",
    "active": true,
    "created_at": "2025-12-25T03:32:25.548204Z"
  },
  {
    "name": "Dunkirk",
    "code": "FRDKK",
    "country": "France",
    "city": "Dunkirk",
    "type": "sea",
    "lat": 51.0344,
    "lon": 2.3768,
    "source": "manual",
    "active": true,
    "created_at": "2025-12-25T03:32:25.548206Z"
  },
  {
    "name": "Rotterdam",
    "code": "NLRTM",
    "country": "Netherlands",
    "city": "Rotterdam",
    "type": "sea",
    "lat": 51.9167,
    "lon": 4.5,
    "source": "manual",
    "active": true,
    "created_at": "2025-12-25T03:32:25.548209Z"
  },
  {
    "name": "Amsterdam",
    "code": "NLAMS",
    "country": "Netherlands",
    "city": "Amsterdam",
    "type": "sea",
    "lat": 52.3791,
    "lon": 4.9003,
    "source": "manual",
    "active": true,
    "created_at": "2025-12-25T03:32:25.548211Z"
  },
  {
    "name": "Antwerp",
    "code": "BEANR",
    "country": "Belgium",
    "city": "Antwerp",
    "type": "sea",
    "lat": 51.2194,
    "lon": 4.4025,
    "source": "manual",
    "active": true,
    "created_at": "2025-12-25T03:32:25.548214Z"
  },
  {
    "name": "Zeebrugge",
    "code": "BEZEE",
    "country": "Belgium",
    "city": "Zeebrugge",
    "type": "sea",
    "lat": 51.3342,
    "lon": 3.207,
    "source": "manual",
    "active": true,
    "created_at": "2025-12-25T03:32:25.548216Z"
  },
  {
    "name": "Hamburg",
    "code": "DEHAM",
    "country": "Germany",
    "city": "Hamburg",
    "type": "sea",
    "lat": 53.5511,
    "lon": 9.9937,
    "source": "manual",
    "active": true,
    "created_at": "2025-12-25T03:32:25.548219Z"
  },
  {
    "name": "Bremerhaven",
    "code": "DEBRV",
    "country": "Germany",
    "city": "Bremerhaven",
    "type": "sea",
    "lat": 53.5396,
    "lon": 8.5805,
    "source": "manual",
    "active": true,
    "created_at": "2025-12-25T03:32:25.548221Z"
  },
  {
    "name": "Wilhelmshaven",
    "code": "DEWHV",
    "country": "Germany",
    "city": "Wilhelmshaven",
    "type": "sea",
    "lat": 53.5297,
    "lon": 8.112,
    "source": "manual",
    "active": true,
    "created_at": "2025-12-25T03:32:25.548224Z"
  },
  {
    "name": "Gdansk",
    "code": "PLGDN",
    "country": "Poland",
    "city": "Gdansk",
    "type": "sea",
    "lat": 54.352,
    "lon": 18.6466,
    "source": "manual",
    "active": true,
    "created_at": "2025-12-25T03:32:25.548226Z"
  },
  {
    "name": "Szczecin",
    "code": "PLSZZ",
    "country": "Poland",
    "city": "Szczecin",
    "type": "sea",
    "lat": 53.4285,
    "lon": 14.5528,
    "source": "manual",
    "active": true,
    "created_at": "2025-12-25T03:32:25.548229Z"
  },
  {
    "name": "Klaipeda",
    "code": "LTKLP",
    "country": "Lithuania",
    "city": "Klaipeda",
    "type": "sea",
    "lat": 55.7033,
    "lon": 21.1443,
    "source": "manual",
    "active": true,
    "created_at": "2025-12-25T03:32:25.548231Z"
  },
  {
    "name": "Riga",
    "code": "LVRIX",
    "country": "Latvia",
    "city": "Riga",
    "type": "sea",
    "lat": 56.9496,
    "lon": 24.1052,
    "source": "manual",
    "active": true,
    "created_at": "2025-12-25T03:32:25.548234Z"
  },
  {
    "name": "Tallinn",
    "code": "EETAL",
    "country": "Estonia",
    "city": "Tallinn",
    "type": "sea",
    "lat": 59.437,
    "lon": 24.7536,
    "source": "manual",
    "active": true,
    "created_at": "2025-12-25T03:32:25.548236Z"
  },
  {
    "name": "Helsinki",
    "code": "FIHEL",
    "country": "Finland",
    "city": "Helsinki",
    "type": "sea",
    "lat": 60.1695,
    "lon": 24.9354,
    "source": "manual",
    "active": true,
    "created_at": "2025-12-25T03:32:25.548239Z"
  },
  {
    "name": "Gothenburg",
    "code": "SEGOT",
    "country": "Sweden",
    "city": "Gothenburg",
    "type": "sea",
    "lat": 57.7089,
    "lon": 11.9746,
    "source": "manual",
    "active": true,
    "created_at": "2025-12-25T03:32:25.548241Z"
  },
  {
    "name": "Stockholm",
    "code": "SESTO",
    "country": "Sweden",
    "city": "Stockholm",
    "type": "sea",
    "lat": 59.3293,
    "lon": 18.0686,
    "source": "manual",
    "active": true,
    "created_at": "2025-12-25T03:32:25.548244Z"
  },
  {
    "name": "Oslo",
    "code": "NOOSL",
    "country": "Norway",
    "city": "Oslo",
    "type": "sea",
    "lat": 59.9139,
    "lon": 10.7522,
    "source": "manual",
    "active": true,
    "created_at": "2025-12-25T03:32:25.548247Z"
  },
  {
    "name": "Bergen",
    "code": "NOBGO",
    "country": "Norway",
    "city": "Bergen",
    "type": "sea",
    "lat": 60.3913,
    "lon": 5.3221,
    "source": "manual",
    "active": true,
    "created_at": "2025-12-25T03:32:25.548249Z"
  },
  {
    "name": "Copenhagen",
    "code": "DKCPH",
    "country": "Denmark",
    "city": "Copenhagen",
    "type": "sea",
    "lat": 55.6761,
    "lon": 12.5683,
    "source": "manual",
    "active": true,
    "created_at": "2025-12-25T03:32:25.548252Z"
  },
  {
    "name": "Aarhus",
    "code": "DKAAR",
    "country": "Denmark",
    "city": "Aarhus",
    "type": "sea",
    "lat": 56.1629,
    "lon": 10.2039,
    "source": "manual",
    "active": true,
    "created_at": "2025-12-25T03:32:25.548254Z"
  },
  {
    "name": "Kiel",
    "code": "DEKEL",
    "country": "Germany",
    "city": "Kiel",
    "type": "sea",
    "lat": 54.3233,
    "lon": 10.1228,
    "source": "manual",
    "active": true,
    "created_at": "2025-12-25T03:32:25.548260Z"
  },
  {
    "name": "Bremerhaven",
    "code": "DEBRV",
    "country": "Germany",
    "city": "Bremerhaven",
    "type": "sea",
    "lat": 53.5396,
    "lon": 8.5805,
    "source": "manual",
    "active": true,
    "created_at": "2025-12-25T03:32:25.548262Z"
  },
  {
    "name": "Hamburg",
    "code": "DEHAM",
    "country": "Germany",
    "city": "Hamburg",
    "type": "sea",
    "lat": 53.5511,
    "lon": 9.9937,
    "source": "manual",
    "active": true,
    "created_at": "2025-12-25T03:32:25.548265Z"
  },
  {
    "name": "Antwerp",
    "code": "BEANR",
    "country": "Belgium",
    "city": "Antwerp",
    "type": "sea",
    "lat": 51.2194,
    "lon": 4.4025,
    "source": "manual",
    "active": true,
    "created_at": "2025-12-25T03:32:25.548267Z"
  },
  {
    "name": "Zeebrugge",
    "code": "BEZEE",
    "country": "Belgium",
    "city": "Zeebrugge",
    "type": "sea",
    "lat": 51.3342,
    "lon": 3.207,
    "source": "manual",
    "active": true,
    "created_at": "2025-12-25T03:32:25.548270Z"
  },
  {
    "name": "Rotterdam",
    "code": "NLRTM",
    "country": "Netherlands",
    "city": "Rotterdam",
    "type": "sea",
    "lat": 51.9167,
    "lon": 4.5,
    "source": "manual",
    "active": true,
    "created_at": "2025-12-25T03:32:25.548273Z"
  },
  {
    "name": "Amsterdam",
    "code": "NLAMS",
    "country": "Netherlands",
    "city": "Amsterdam",
    "type": "sea",
    "lat": 52.3791,
    "lon": 4.9003,
    "source": "manual",
    "active": true,
    "created_at": "2025-12-25T03:32:25.548275Z"
  },
  {
    "name": "Le Havre",
    "code": "FRLEH",
    "country": "France",
    "city": "Le Havre",
    "type": "sea",
    "lat": 49.4944,
    "lon": 0.1079,
    "source": "manual",
    "active": true,
    "created_at": "2025-12-25T03:32:25.548278Z"
  },
  {
    "name": "Marseille",
    "code": "FRMRS",
    "country": "France",
    "city": "Marseille",
    "type": "sea",
    "lat": 43.2965,
    "lon": 5.3698,
    "source": "manual",
    "active": true,
    "created_at": "2025-12-25T03:32:25.548280Z"
  },
  {
    "name": "Dunkirk",
    "code": "FRDKK",
    "country": "France",
    "city": "Dunkirk",
    "type": "sea",
    "lat": 51.0344,
    "lon": 2.3768,
    "source": "manual",
    "active": true,
    "created_at": "2025-12-25T03:32:25.548283Z"
  },
  {
    "name": "Fos-sur-Mer",
    "code": "FRFOS",
    "country": "France",
    "city": "Fos-sur-Mer",
    "type": "sea",
    "lat": 43.435,
    "lon": 4.996,
    "source": "manual",
    "active": true,
    "created_at": "2025-12-25T03:32:25.548285Z"
  },
  {
    "name": "Lisbon",
    "code": "PTLIS",
    "country": "Portugal",
    "city": "Lisbon",
    "type": "sea",
    "lat": 38.7169,
    "lon": -9.1396,
    "source": "manual",
    "active": true,
    "created_at": "2025-12-25T03:32:25.548288Z"
  },
  {
    "name": "Leix\u00f5es",
    "code": "PTLEI",
    "country": "Portugal",
    "city": "Leix\u00f5es",
    "type": "sea",
    "lat": 41.1828,
    "lon": -8.6881,
    "source": "manual",
    "active": true,
    "created_at": "2025-12-25T03:32:25.548290Z"
  },
  {
    "name": "Set\u00fabal",
    "code": "PTSET",
    "country": "Portugal",
    "city": "Set\u00fabal",
    "type": "sea",
    "lat": 38.5244,
    "lon": -8.8881,
    "source": "manual",
    "active": true,
    "created_at": "2025-12-25T03:32:25.548293Z"
  },
  {
    "name": "Genoa",
    "code": "ITGOA",
    "country": "Italy",
    "city": "Genoa",
    "type": "sea",
    "lat": 44.4056,
    "lon": 8.9463,
    "source": "manual",
    "active": true,
    "created_at": "2025-12-25T03:32:25.548295Z"
  },
  {
    "name": "Venice",
    "code": "ITVCE",
    "country": "Italy",
    "city": "Venice",
    "type": "sea",
    "lat": 45.4408,
    "lon": 12.3155,
    "source": "manual",
    "active": true,
    "created_at": "2025-12-25T03:32:25.548298Z"
  },
  {
    "name": "Trieste",
    "code": "ITTRS",
    "country": "Italy",
    "city": "Trieste",
    "type": "sea",
    "lat": 45.6495,
    "lon": 13.7768,
    "source": "manual",
    "active": true,
    "created_at": "2025-12-25T03:32:25.548301Z"
  },
  {
    "name": "Naples",
    "code": "ITNAP",
    "country": "Italy",
    "city": "Naples",
    "type": "sea",
    "lat": 40.8518,
    "lon": 14.2681,
    "source": "manual",
    "active": true,
    "created_at": "2025-12-25T03:32:25.548303Z"
  },
  {
    "name": "Livorno",
    "code": "ITLIV",
    "country": "Italy",
    "city": "Livorno",
    "type": "sea",
    "lat": 43.5485,
    "lon": 10.3106,
    "source": "manual",
    "active": true,
    "created_at": "2025-12-25T03:32:25.548306Z"
  },
  {
    "name": "La Spezia",
    "code": "ITLSP",
    "country": "Italy",
    "city": "La Spezia",
    "type": "sea",
    "lat": 44.1,
    "lon": 9.8333,
    "source": "manual",
    "active": true,
    "created_at": "2025-12-25T03:32:25.548308Z"
  },
  {
    "name": "Barcelona",
    "code": "ESBCN",
    "country": "Spain",
    "city": "Barcelona",
    "type": "sea",
    "lat": 41.3851,
    "lon": 2.1734,
    "source": "manual",
    "active": true,
    "created_at": "2025-12-25T03:32:25.548311Z"
  },
  {
    "name": "Valencia",
    "code": "ESVLC",
    "country": "Spain",
    "city": "Valencia",
    "type": "sea",
    "lat": 39.4699,
    "lon": -0.3763,
    "source": "manual",
    "active": true,
    "created_at": "2025-12-25T03:32:25.548314Z"
  },
  {
    "name": "Bilbao",
    "code": "ESBIO",
    "country": "Spain",
    "city": "Bilbao",
    "type": "sea",
    "lat": 43.263,
    "lon": -2.9349,
    "source": "manual",
    "active": true,
    "created_at": "2025-12-25T03:32:25.548316Z"
  },
  {
    "name": "Algeciras",
    "code": "ESALG",
    "country": "Spain",
    "city": "Algeciras",
    "type": "sea",
    "lat": 36.1408,
    "lon": -5.4563,
    "source": "manual",
    "active": true,
    "created_at": "2025-12-25T03:32:25.548319Z"
  },
  {
    "name": "Malaga",
    "code": "ESAGP",
    "country": "Spain",
    "city": "Malaga",
    "type": "sea",
    "lat": 36.7213,
    "lon": -4.4217,
    "source": "manual",
    "active": true,
    "created_at": "2025-12-25T03:32:25.548321Z"
  },
  {
    "name": "Durban",
    "code": "ZADUR",
    "country": "South Africa",
    "city": "Durban",
    "type": "sea",
    "lat": -29.8579,
    "lon": 31.0292,
    "source": "manual",
    "active": true,
    "created_at": "2025-12-25T03:32:25.548324Z"
  },
  {
    "name": "Cape Town",
    "code": "ZACTP",
    "country": "South Africa",
    "city": "Cape Town",
    "type": "sea",
    "lat": -33.9249,
    "lon": 18.4241,
    "source": "manual",
    "active": true,
    "created_at": "2025-12-25T03:32:25.548326Z"
  },
  {
    "name": "Ngqura",
    "code": "ZANGQ",
    "country": "South Africa",
    "city": "Ngqura",
    "type": "sea",
    "lat": -33.6769,
    "lon": 25.602,
    "source": "manual",
    "active": true,
    "created_at": "2025-12-25T03:32:25.548329Z"
  },
  {
    "name": "Lagos",
    "code": "NGLAG",
    "country": "Nigeria",
    "city": "Lagos",
    "type": "sea",
    "lat": 6.5244,
    "lon": 3.3792,
    "source": "manual",
    "active": true,
    "created_at": "2025-12-25T03:32:25.548331Z"
  },
  {
    "name": "Tema",
    "code": "GHTEM",
    "country": "Ghana",
    "city": "Tema",
    "type": "sea",
    "lat": 5.6693,
    "lon": 0.0199,
    "source": "manual",
    "active": true,
    "created_at": "2025-12-25T03:32:25.548334Z"
  },
  {
    "name": "Abidjan",
    "code": "CIABJ",
    "country": "C\u00f4te d'Ivoire",
    "city": "Abidjan",
    "type": "sea",
    "lat": 5.3097,
    "lon": -4.0126,
    "source": "manual",
    "active": true,
    "created_at": "2025-12-25T03:32:25.548336Z"
  },
  {
    "name": "Alexandria",
    "code": "EGALY",
    "country": "Egypt",
    "city": "Alexandria",
    "type": "sea",
    "lat": 31.2001,
    "lon": 29.9187,
    "source": "manual",
    "active": true,
    "created_at": "2025-12-25T03:32:25.548339Z"
  },
  {
    "name": "Damietta",
    "code": "EGDAM",
    "country": "Egypt",
    "city": "Damietta",
    "type": "sea",
    "lat": 31.4167,
    "lon": 31.8167,
    "source": "manual",
    "active": true,
    "created_at": "2025-12-25T03:32:25.548341Z"
  },
  {
    "name": "Mombasa",
    "code": "KEMBA",
    "country": "Kenya",
    "city": "Mombasa",
    "type": "sea",
    "lat": -4.0435,
    "lon": 39.6682,
    "source": "manual",
    "active": true,
    "created_at": "2025-12-25T03:32:25.548344Z"
  },
  {
    "name": "Dar es Salaam",
    "code": "TZDAR",
    "country": "Tanzania",
    "city": "Dar es Salaam",
    "type": "sea",
    "lat": -6.7924,
    "lon": 39.2083,
    "source": "manual",
    "active": true,
    "created_at": "2025-12-25T03:32:25.548346Z"
  },
  {
    "name": "Maputo",
    "code": "MZMPM",
    "country": "Mozambique",
    "city": "Maputo",
    "type": "sea",
    "lat": -25.9653,
    "lon": 32.5892,
    "source": "manual",
    "active": true,
    "created_at": "2025-12-25T03:32:25.548349Z"
  },
  {
    "name": "Beira",
    "code": "MZBEI",
    "country": "Mozambique",
    "city": "Beira",
    "type": "sea",
    "lat": -19.8436,
    "lon": 34.8383,
    "source": "manual",
    "active": true,
    "created_at": "2025-12-25T03:32:25.548351Z"
  },
  {
    "name": "Tangier Med",
    "code": "MHTGM",
    "country": "Morocco",
    "city": "Tangier",
    "type": "sea",
    "lat": 35.7806,
    "lon": -5.8111,
    "source": "manual",
    "active": true,
    "created_at": "2025-12-25T03:32:25.548354Z"
  },
  {
    "name": "Casablanca",
    "code": "MOCAS",
    "country": "Morocco",
    "city": "Casablanca",
    "type": "sea",
    "lat": 33.5731,
    "lon": -7.5898,
    "source": "manual",
    "active": true,
    "created_at": "2025-12-25T03:32:25.548356Z"
  },
  {
    "name": "Dakar",
    "code": "SNDKR",
    "country": "Senegal",
    "city": "Dakar",
    "type": "sea",
    "lat": 14.6928,
    "lon": -17.4467,
    "source": "manual",
    "active": true,
    "created_at": "2025-12-25T03:32:25.548359Z"
  },
  {
    "name": "Abidjan",
    "code": "CIABJ",
    "country": "C\u00f4te d'Ivoire",
    "city": "Abidjan",
    "type": "sea",
    "lat": 5.3097,
    "lon": -4.0126,
    "source": "manual",
    "active": true,
    "created_at": "2025-12-25T03:32:25.548361Z"
  },
  {
    "name": "Lom\u00e9",
    "code": "TGLME",
    "country": "Togo",
    "city": "Lom\u00e9",
    "type": "sea",
    "lat": 6.1725,
    "lon": 1.2314,
    "source": "manual",
    "active": true,
    "created_at": "2025-12-25T03:32:25.548364Z"
  },
  {
    "name": "Tema",
    "code": "GHTEM",
    "country": "Ghana",
    "city": "Tema",
    "type": "sea",
    "lat": 5.6693,
    "lon": 0.0199,
    "source": "manual",
    "active": true,
    "created_at": "2025-12-25T03:32:25.548366Z"
  },
  {
    "name": "Lagos",
    "code": "NGLAG",
    "country": "Nigeria",
    "city": "Lagos",
    "type": "sea",
    "lat": 6.5244,
    "lon": 3.3792,
    "source": "manual",
    "active": true,
    "created_at": "2025-12-25T03:32:25.548369Z"
  },
  {
    "name": "Cotonou",
    "code": "BENAO",
    "country": "Benin",
    "city": "Cotonou",
    "type": "sea",
    "lat": 6.3703,
    "lon": 2.3912,
    "source": "manual",
    "active": true,
    "created_at": "2025-12-25T03:32:25.548372Z"
  },
  {
    "name": "Kribi",
    "code": "CMKRI",
    "country": "Cameroon",
    "city": "Kribi",
    "type": "sea",
    "lat": 2.9451,
    "lon": 9.9124,
    "source": "manual",
    "active": true,
    "created_at": "2025-12-25T03:32:25.548374Z"
  },
  {
    "name": "Douala",
    "code": "CMDLA",
    "country": "Cameroon",
    "city": "Douala",
    "type": "sea",
    "lat": 4.0511,
    "lon": 9.7679,
    "source": "manual",
    "active": true,
    "created_at": "2025-12-25T03:32:25.548377Z"
  },
  {
    "name": "Luanda",
    "code": "AOLAD",
    "country": "Angola",
    "city": "Luanda",
    "type": "sea",
    "lat": -8.839,
    "lon": 13.2894,
    "source": "manual",
    "active": true,
    "created_at": "2025-12-25T03:32:25.548379Z"
  },
  {
    "name": "Pointe-Noire",
    "code": "CGPNR",
    "country": "Congo",
    "city": "Pointe-Noire",
    "type": "sea",
    "lat": -4.7833,
    "lon": 11.8667,
    "source": "manual",
    "active": true,
    "created_at": "2025-12-25T03:32:25.548382Z"
  },
  {
    "name": "Walvis Bay",
    "code": "NAWVB",
    "country": "Namibia",
    "city": "Walvis Bay",
    "type": "sea",
    "lat": -22.9573,
    "lon": 14.505,
    "source": "manual",
    "active": true,
    "created_at": "2025-12-25T03:32:25.548384Z"
  },
  {
    "name": "Maputo",
    "code": "MZMPM",
    "country": "Mozambique",
    "city": "Maputo",
    "type": "sea",
    "lat": -25.9653,
    "lon": 32.5892,
    "source": "manual",
    "active": true,
    "created_at": "2025-12-25T03:32:25.548387Z"
  },
  {
    "name": "Beira",
    "code": "MZBEI",
    "country": "Mozambique",
    "city": "Beira",
    "type": "sea",
    "lat": -19.8436,
    "lon": 34.8383,
    "source": "manual",
    "active": true,
    "created_at": "2025-12-25T03:32:25.548392Z"
  },
  {
    "name": "Dar es Salaam",
    "code": "TZDAR",
    "country": "Tanzania",
    "city": "Dar es Salaam",
    "type": "sea",
    "lat": -6.7924,
    "lon": 39.2083,
    "source": "manual",
    "active": true,
    "created_at": "2025-12-25T03:32:25.548394Z"
  },
  {
    "name": "Mombasa",
    "code": "KEMBA",
    "country": "Kenya",
    "city": "Mombasa",
    "type": "sea",
    "lat": -4.0435,
    "lon": 39.6682,
    "source": "manual",
    "active": true,
    "created_at": "2025-12-25T03:32:25.548397Z"
  },
  {
    "name": "Djibouti",
    "code": "DJJIB",
    "country": "Djibouti",
    "city": "Djibouti",
    "type": "sea",
    "lat": 11.8251,
    "lon": 42.5903,
    "source": "manual",
    "active": true,
    "created_at": "2025-12-25T03:32:25.548399Z"
  },
  {
    "name": "Alexandria",
    "code": "EGALY",
    "country": "Egypt",
    "city": "Alexandria",
    "type": "sea",
    "lat": 31.2001,
    "lon": 29.9187,
    "source": "manual",
    "active": true,
    "created_at": "2025-12-25T03:32:25.548402Z"
  },
  {
    "name": "Damietta",
    "code": "EGDAM",
    "country": "Egypt",
    "city": "Damietta",
    "type": "sea",
    "lat": 31.4167,
    "lon": 31.8167,
    "source": "manual",
    "active": true,
    "created_at": "2025-12-25T03:32:25.548404Z"
  },
  {
    "name": "Port Said",
    "code": "EGPSD",
    "country": "Egypt",
    "city": "Port Said",
    "type": "sea",
    "lat": 31.2653,
    "lon": 32.3019,
    "source": "manual",
    "active": true,
    "created_at": "2025-12-25T03:32:25.548407Z"
  },
  {
    "name": "Haifa",
    "code": "ILHFA",
    "country": "Israel",
    "city": "Haifa",
    "type": "sea",
    "lat": 32.794,
    "lon": 34.9896,
    "source": "manual",
    "active": true,
    "created_at": "2025-12-25T03:32:25.548410Z"
  },
  {
    "name": "Ashdod",
    "code": "ILASD",
    "country": "Israel",
    "city": "Ashdod",
    "type": "sea",
    "lat": 31.8045,
    "lon": 34.6553,
    "source": "manual",
    "active": true,
    "created_at": "2025-12-25T03:32:25.548412Z"
  },
  {
    "name": "Beirut",
    "code": "LBBEI",
    "country": "Lebanon",
    "city": "Beirut",
    "type": "sea",
    "lat": 33.8938,
    "lon": 35.5018,
    "source": "manual",
    "active": true,
    "created_at": "2025-12-25T03:32:25.548415Z"
  },
  {
    "name": "Tripoli",
    "code": "LBTRI",
    "country": "Lebanon",
    "city": "Tripoli",
    "type": "sea",
    "lat": 34.4339,
    "lon": 35.8345,
    "source": "manual",
    "active": true,
    "created_at": "2025-12-25T03:32:25.548417Z"
  },
  {
    "name": "Aqaba",
    "code": "JOAQJ",
    "country": "Jordan",
    "city": "Aqaba",
    "type": "sea",
    "lat": 29.5269,
    "lon": 35.0078,
    "source": "manual",
    "active": true,
    "created_at": "2025-12-25T03:32:25.548420Z"
  },
  {
    "name": "Jeddah",
    "code": "SADDJ",
    "country": "Saudi Arabia",
    "city": "Jeddah",
    "type": "sea",
    "lat": 21.4858,
    "lon": 39.1925,
    "source": "manual",
    "active": true,
    "created_at": "2025-12-25T03:32:25.548422Z"
  },
  {
    "name": "Dammam",
    "code": "SADMM",
    "country": "Saudi Arabia",
    "city": "Dammam",
    "type": "sea",
    "lat": 26.4207,
    "lon": 50.0888,
    "source": "manual",
    "active": true,
    "created_at": "2025-12-25T03:32:25.548425Z"
  },
  {
    "name": "Abu Dhabi",
    "code": "AEAUH",
    "country": "UAE",
    "city": "Abu Dhabi",
    "type": "sea",
    "lat": 24.4539,
    "lon": 54.3773,
    "source": "manual",
    "active": true,
    "created_at": "2025-12-25T03:32:25.548427Z"
  },
  {
    "name": "Dubai",
    "code": "AEDXB",
    "country": "UAE",
    "city": "Dubai",
    "type": "sea",
    "lat": 25.2048,
    "lon": 55.2708,
    "source": "manual",
    "active": true,
    "created_at": "2025-12-25T03:32:25.548430Z"
  },
  {
    "name": "Sohar",
    "code": "OHSOH",
    "country": "Oman",
    "city": "Sohar",
    "type": "sea",
    "lat": 24.3456,
    "lon": 56.7237,
    "source": "manual",
    "active": true,
    "created_at": "2025-12-25T03:32:25.548432Z"
  },
  {
    "name": "Muscat",
    "code": "OMMCT",
    "country": "Oman",
    "city": "Muscat",
    "type": "sea",
    "lat": 23.5859,
    "lon": 58.4059,
    "source": "manual",
    "active": true,
    "created_at": "2025-12-25T03:32:25.548435Z"
  },
  {
    "name": "Salalah",
    "code": "OMSLL",
    "country": "Oman",
    "city": "Salalah",
    "type": "sea",
    "lat": 17.0191,
    "lon": 54.0894,
    "source": "manual",
    "active": true,
    "created_at": "2025-12-25T03:32:25.548437Z"
  },
  {
    "name": "Bandar Abbas",
    "code": "IRBND",
    "country": "Iran",
    "city": "Bandar Abbas",
    "type": "sea",
    "lat": 27.1967,
    "lon": 56.2817,
    "source": "manual",
    "active": true,
    "created_at": "2025-12-25T03:32:25.548440Z"
  },
  {
    "name": "Bushehr",
    "code": "IRBUH",
    "country": "Iran",
    "city": "Bushehr",
    "type": "sea",
    "lat": 28.9234,
    "lon": 50.8203,
    "source": "manual",
    "active": true,
    "created_at": "2025-12-25T03:32:25.548442Z"
  },
  {
    "name": "Bandar-e Anzali",
    "code": "IRANZ",
    "country": "Iran",
    "city": "Anzali",
    "type": "sea",
    "lat": 37.471,
    "lon": 49.4521,
    "source": "manual",
    "active": true,
    "created_at": "2025-12-25T03:32:25.548445Z"
  },
  {
    "name": "Karachi",
    "code": "PKKHI",
    "country": "Pakistan",
    "city": "Karachi",
    "type": "sea",
    "lat": 24.8607,
    "lon": 67.0011,
    "source": "manual",
    "active": true,
    "created_at": "2025-12-25T03:32:25.548447Z"
  },
  {
    "name": "Gwadar",
    "code": "PKGWD",
    "country": "Pakistan",
    "city": "Gwadar",
    "type": "sea",
    "lat": 25.1265,
    "lon": 62.3229,
    "source": "manual",
    "active": true,
    "created_at": "2025-12-25T03:32:25.548450Z"
  },
  {
    "name": "Mumbai",
    "code": "INBOM",
    "country": "India",
    "city": "Mumbai",
    "type": "sea",
    "lat": 19.076,
    "lon": 72.8777,
    "source": "manual",
    "active": true,
    "created_at": "2025-12-25T03:32:25.548452Z"
  },
  {
    "name": "Chennai",
    "code": "INMAA",
    "country": "India",
    "city": "Chennai",
    "type": "sea",
    "lat": 13.0827,
    "lon": 80.2707,
    "source": "manual",
    "active": true,
    "created_at": "2025-12-25T03:32:25.548455Z"
  },
  {
    "name": "Kolkata",
    "code": "INKOL",
    "country": "India",
    "city": "Kolkata",
    "type": "sea",
    "lat": 22.5726,
    "lon": 88.3639,
    "source": "manual",
    "active": true,
    "created_at": "2025-12-25T03:32:25.548457Z"
  },
  {
    "name": "Vishakhapatnam",
    "code": "INVZA",
    "country": "India",
    "city": "Vishakhapatnam",
    "type": "sea",
    "lat": 17.6868,
    "lon": 83.2185,
    "source": "manual",
    "active": true,
    "created_at": "2025-12-25T03:32:25.548460Z"
  },
  {
    "name": "Tuticorin",
    "code": "INTUT",
    "country": "India",
    "city": "Tuticorin",
    "type": "sea",
    "lat": 8.7642,
    "lon": 78.1348,
    "source": "manual",
    "active": true,
    "created_at": "2025-12-25T03:32:25.548463Z"
  },
  {
    "name": "Colombo",
    "code": "LKCMB",
    "country": "Sri Lanka",
    "city": "Colombo",
    "type": "sea",
    "lat": 6.9271,
    "lon": 79.8612,
    "source": "manual",
    "active": true,
    "created_at": "2025-12-25T03:32:25.548465Z"
  },
  {
    "name": "Galle",
    "code": "LKGLL",
    "country": "Sri Lanka",
    "city": "Galle",
    "type": "sea",
    "lat": 6.0535,
    "lon": 80.22,
    "source": "manual",
    "active": true,
    "created_at": "2025-12-25T03:32:25.548468Z"
  },
  {
    "name": "Singapore",
    "code": "SGSIN",
    "country": "Singapore",
    "city": "Singapore",
    "type": "sea",
    "lat": 1.2644,
    "lon": 103.82,
    "source": "manual",
    "active": true,
    "created_at": "2025-12-25T03:32:25.548470Z"
  },
  {
    "name": "Tanjung Pelepas",
    "code": "MYTPP",
    "country": "Malaysia",
    "city": "Tanjung Pelepas",
    "type": "sea",
    "lat": 1.45,
    "lon": 103.9,
    "source": "manual",
    "active": true,
    "created_at": "2025-12-25T03:32:25.548473Z"
  },
  {
    "name": "Port Klang",
    "code": "MYPKG",
    "country": "Malaysia",
    "city": "Port Klang",
    "type": "sea",
    "lat": 3.0,
    "lon": 101.4,
    "source": "manual",
    "active": true,
    "created_at": "2025-12-25T03:32:25.548475Z"
  },
  {
    "name": "Penang",
    "code": "MYPEN",
    "country": "Malaysia",
    "city": "Penang",
    "type": "sea",
    "lat": 5.4141,
    "lon": 100.3288,
    "source": "manual",
    "active": true,
    "created_at": "2025-12-25T03:32:25.548478Z"
  },
  {
    "name": "Klang",
    "code": "MYPKG",
    "country": "Malaysia",
    "city": "Klang",
    "type": "sea",
    "lat": 3.0,
    "lon": 101.4,
    "source": "manual",
    "active": true,
    "created_at": "2025-12-25T03:32:25.548480Z"
  },
  {
    "name": "Jakarta (Tanjung Priok)",
    "code": "IDTPP",
    "country": "Indonesia",
    "city": "Jakarta",
    "type": "sea",
    "lat": -6.1235,
    "lon": 106.8902,
    "source": "manual",
    "active": true,
    "created_at": "2025-12-25T03:32:25.548483Z"
  },
  {
    "name": "Surabaya",
    "code": "IDSUB",
    "country": "Indonesia",
    "city": "Surabaya",
    "type": "sea",
    "lat": -7.2575,
    "lon": 112.7521,
    "source": "manual",
    "active": true,
    "created_at": "2025-12-25T03:32:25.548485Z"
  },
  {
    "name": "Belawan",
    "code": "IDBLW",
    "country": "Indonesia",
    "city": "Medan",
    "type": "sea",
    "lat": 3.7733,
    "lon": 98.7068,
    "source": "manual",
    "active": true,
    "created_at": "2025-12-25T03:32:25.548488Z"
  },
  {
    "name": "Makassar",
    "code": "IDMAK",
    "country": "Indonesia",
    "city": "Makassar",
    "type": "sea",
    "lat": -5.1477,
    "lon": 119.4327,
    "source": "manual",
    "active": true,
    "created_at": "2025-12-25T03:32:25.548490Z"
  },
  {
    "name": "Ho Chi Minh City",
    "code": "VNSGN",
    "country": "Vietnam",
    "city": "Ho Chi Minh",
    "type": "sea",
    "lat": 10.7769,
    "lon": 106.7009,
    "source": "manual",
    "active": true,
    "created_at": "2025-12-25T03:32:25.548493Z"
  },
  {
    "name": "Hai Phong",
    "code": "VNHAP",
    "country": "Vietnam",
    "city": "Hai Phong",
    "type": "sea",
    "lat": 20.8449,
    "lon": 106.6881,
    "source": "manual",
    "active": true,
    "created_at": "2025-12-25T03:32:25.548495Z"
  },
  {
    "name": "Da Nang",
    "code": "VNDAD",
    "country": "Vietnam",
    "city": "Da Nang",
    "type": "sea",
    "lat": 16.0544,
    "lon": 108.2022,
    "source": "manual",
    "active": true,
    "created_at": "2025-12-25T03:32:25.548498Z"
  },
  {
    "name": "Laem Chabang",
    "code": "THLCH",
    "country": "Thailand",
    "city": "Laem Chabang",
    "type": "sea",
    "lat": 13.03,
    "lon": 100.92,
    "source": "manual",
    "active": true,
    "created_at": "2025-12-25T03:32:25.548500Z"
  },
  {
    "name": "Bangkok (Klong Toey)",
    "code": "THBKK",
    "country": "Thailand",
    "city": "Bangkok",
    "type": "sea",
    "lat": 13.7563,
    "lon": 100.5018,
    "source": "manual",
    "active": true,
    "created_at": "2025-12-25T03:32:25.548503Z"
  },
  {
    "name": "Melbourne",
    "code": "AUMEL",
    "country": "Australia",
    "city": "Melbourne",
    "type": "sea",
    "lat": -37.8136,
    "lon": 144.9631,
    "source": "manual",
    "active": true,
    "created_at": "2025-12-25T03:32:25.548505Z"
  },
  {
    "name": "Sydney",
    "code": "AUSYD",
    "country": "Australia",
    "city": "Sydney",
    "type": "sea",
    "lat": -33.8688,
    "lon": 151.2093,
    "source": "manual",
    "active": true,
    "created_at": "2025-12-25T03:32:25.548508Z"
  },
  {
    "name": "Brisbane",
    "code": "AUBNE",
    "country": "Australia",
    "city": "Brisbane",
    "type": "sea",
    "lat": -27.4698,
    "lon": 153.0251,
    "source": "manual",
    "active": true,
    "created_at": "2025-12-25T03:32:25.548511Z"
  },
  {
    "name": "Fremantle",
    "code": "AUFRE",
    "country": "Australia",
    "city": "Fremantle",
    "type": "sea",
    "lat": -32.0569,
    "lon": 115.7439,
    "source": "manual",
    "active": true,
    "created_at": "2025-12-25T03:32:25.548513Z"
  },
  {
    "name": "Auckland",
    "code": "NZAUK",
    "country": "New Zealand",
    "city": "Auckland",
    "type": "sea",
    "lat": -36.8485,
    "lon": 174.7633,
    "source": "manual",
    "active": true,
    "created_at": "2025-12-25T03:32:25.548516Z"
  },
  {
    "name": "Wellington",
    "code": "NZWLG",
    "country": "New Zealand",
    "city": "Wellington",
    "type": "sea",
    "lat": -41.2865,
    "lon": 174.7762,
    "source": "manual",
    "active": true,
    "created_at": "2025-12-25T03:32:25.548518Z"
  },
  {
    "name": "Tauranga",
    "code": "NZTRG",
    "country": "New Zealand",
    "city": "Tauranga",
    "type": "sea",
    "lat": -37.6878,
    "lon": 176.1651,
    "source": "manual",
    "active": true,
    "created_at": "2025-12-25T03:32:25.548523Z"
  },
  {
    "name": "Suva",
    "code": "FJSUV",
    "country": "Fiji",
    "city": "Suva",
    "type": "sea",
    "lat": -18.1248,
    "lon": 178.4501,
    "source": "manual",
    "active": true,
    "created_at": "2025-12-25T03:32:25.548526Z"
  },
  {
    "name": "Lautoka",
    "code": "FJLTA",
    "country": "Fiji",
    "city": "Lautoka",
    "type": "sea",
    "lat": -17.6167,
    "lon": 177.45,
    "source": "manual",
    "active": true,
    "created_at": "2025-12-25T03:32:25.548528Z"
  },
  {
    "name": "Port Moresby",
    "code": "PGPOM",
    "country": "Papua New Guinea",
    "city": "Port Moresby",
    "type": "sea",
    "lat": -9.4438,
    "lon": 147.1803,
    "source": "manual",
    "active": true,
    "created_at": "2025-12-25T03:32:25.548531Z"
  },
  {
    "name": "Lae",
    "code": "PGLAE",
    "country": "Papua New Guinea",
    "city": "Lae",
    "type": "sea",
    "lat": -6.7226,
    "lon": 146.9969,
    "source": "manual",
    "active": true,
    "created_at": "2025-12-25T03:32:25.548533Z"
  },
  {
    "name": "Honiara",
    "code": "SBHIR",
    "country": "Solomon Islands",
    "city": "Honiara",
    "type": "sea",
    "lat": -9.4333,
    "lon": 159.95,
    "source": "manual",
    "active": true,
    "created_at": "2025-12-25T03:32:25.548536Z"
  },
  {
    "name": "Nuku\u02bbalofa",
    "code": "TOTUF",
    "country": "Tonga",
    "city": "Nuku\u02bbalofa",
    "type": "sea",
    "lat": -21.1394,
    "lon": -175.204,
    "source": "manual",
    "active": true,
    "created_at": "2025-12-25T03:32:25.548538Z"
  },
  {
    "name": "Apia",
    "code": "WSAPI",
    "country": "Samoa",
    "city": "Apia",
    "type": "sea",
    "lat": -13.8333,
    "lon": -171.75,
    "source": "manual",
    "active": true,
    "created_at": "2025-12-25T03:32:25.548541Z"
  },
  {
    "name": "Papeete",
    "code": "PFPPT",
    "country": "French Polynesia",
    "city": "Papeete",
    "type": "sea",
    "lat": -17.5516,
    "lon": -149.5585,
    "source": "manual",
    "active": true,
    "created_at": "2025-12-25T03:32:25.548543Z"
  },
  {
    "name": "Port Vila",
    "code": "VUVLI",
    "country": "Vanuatu",
    "city": "Port Vila",
    "type": "sea",
    "lat": -17.7333,
    "lon": 168.3167,
    "source": "manual",
    "active": true,
    "created_at": "2025-12-25T03:32:25.548546Z"
  },
  {
    "name": "Noumea",
    "code": "NCNOU",
    "country": "New Caledonia",
    "city": "Noumea",
    "type": "sea",
    "lat": -22.2758,
    "lon": 166.458,
    "source": "manual",
    "active": true,
    "created_at": "2025-12-25T03:32:25.548548Z"
  },
  {
    "name": "Suzhou (China inland)",
    "code": "CNSUZ",
    "country": "China",
    "city": "Suzhou",
    "type": "river",
    "lat": 31.2989,
    "lon": 120.5853,
    "source": "manual",
    "active": true,
    "created_at": "2025-12-25T03:32:25.548551Z"
  },
  {
    "name": "Qingdao",
    "code": "CNQIN",
    "country": "China",
    "city": "Qingdao",
    "type": "sea",
    "lat": 36.0671,
    "lon": 120.3826,
    "source": "manual",
    "active": true,
    "created_at": "2025-12-25T03:32:25.548554Z"
  },
  {
    "name": "Dalian",
    "code": "CNDAL",
    "country": "China",
    "city": "Dalian",
    "type": "sea",
    "lat": 38.914,
    "lon": 121.6147,
    "source": "manual",
    "active": true,
    "created_at": "2025-12-25T03:32:25.548556Z"
  },
  {
    "name": "Tianjin",
    "code": "CNTJN",
    "country": "China",
    "city": "Tianjin",
    "type": "sea",
    "lat": 39.3434,
    "lon": 117.3616,
    "source": "manual",
    "active": true,
    "created_at": "2025-12-25T03:32:25.548559Z"
  },
  {
    "name": "Yokohama",
    "code": "JPYOK",
    "country": "Japan",
    "city": "Yokohama",
    "type": "sea",
    "lat": 35.4437,
    "lon": 139.638,
    "source": "manual",
    "active": true,
    "created_at": "2025-12-25T03:32:25.548576Z"
  },
  {
    "name": "Tokyo",
    "code": "JPTYO",
    "country": "Japan",
    "city": "Tokyo",
    "type": "sea",
    "lat": 35.6762,
    "lon": 139.6503,
    "source": "manual",
    "active": true,
    "created_at": "2025-12-25T03:32:25.548587Z"
  },
  {
    "name": "Nagoya",
    "code": "JPNGO",
    "country": "Japan",
    "city": "Nagoya",
    "type": "sea",
    "lat": 35.1815,
    "lon": 136.9066,
    "source": "manual",
    "active": true,
    "created_at": "2025-12-25T03:32:25.548590Z"
  },
  {
    "name": "Osaka",
    "code": "JPOSA",
    "country": "Japan",
    "city": "Osaka",
    "type": "sea",
    "lat": 34.6937,
    "lon": 135.5023,
    "source": "manual",
    "active": true,
    "created_at": "2025-12-25T03:32:25.548593Z"
  },
  {
    "name": "Kobe",
    "code": "JPKOB",
    "country": "Japan",
    "city": "Kobe",
    "type": "sea",
    "lat": 34.6901,
    "lon": 135.1955,
    "source": "manual",
    "active": true,
    "created_at": "2025-12-25T03:32:25.548596Z"
  },
  {
    "name": "Busan",
    "code": "KRPUS",
    "country": "South Korea",
    "city": "Busan",
    "type": "sea",
    "lat": 35.1796,
    "lon": 129.0756,
    "source": "manual",
    "active": true,
    "created_at": "2025-12-25T03:32:25.548598Z"
  },
  {
    "name": "Incheon",
    "code": "KRINC",
    "country": "South Korea",
    "city": "Incheon",
    "type": "sea",
    "lat": 37.4563,
    "lon": 126.7052,
    "source": "manual",
    "active": true,
    "created_at": "2025-12-25T03:32:25.548601Z"
  },
  {
    "name": "Gwangyang",
    "code": "KRKWG",
    "country": "South Korea",
    "city": "Gwangyang",
    "type": "sea",
    "lat": 34.9403,
    "lon": 127.701,
    "source": "manual",
    "active": true,
    "created_at": "2025-12-25T03:32:25.548604Z"
  },
  {
    "name": "Kaohsiung",
    "code": "TWKHH",
    "country": "Taiwan",
    "city": "Kaohsiung",
    "type": "sea",
    "lat": 22.6273,
    "lon": 120.3014,
    "source": "manual",
    "active": true,
    "created_at": "2025-12-25T03:32:25.548606Z"
  },
  {
    "name": "Keelung",
    "code": "TWKEE",
    "country": "Taiwan",
    "city": "Keelung",
    "type": "sea",
    "lat": 25.128,
    "lon": 121.7392,
    "source": "manual",
    "active": true,
    "created_at": "2025-12-25T03:32:25.548609Z"
  },
  {
    "name": "Manila",
    "code": "PHMNL",
    "country": "Philippines",
    "city": "Manila",
    "type": "sea",
    "lat": 14.5995,
    "lon": 120.9842,
    "source": "manual",
    "active": true,
    "created_at": "2025-12-25T03:32:25.548611Z"
  },
  {
    "name": "Cebu",
    "code": "PHCEB",
    "country": "Philippines",
    "city": "Cebu",
    "type": "sea",
    "lat": 10.3157,
    "lon": 123.8854,
    "source": "manual",
    "active": true,
    "created_at": "2025-12-25T03:32:25.548614Z"
  },
  {
    "name": "Davao",
    "code": "PHDVO",
    "country": "Philippines",
    "city": "Davao",
    "type": "sea",
    "lat": 7.1907,
    "lon": 125.4553,
    "source": "manual",
    "active": true,
    "created_at": "2025-12-25T03:32:25.548616Z"
  },
  {
    "name": "Ho Chi Minh City",
    "code": "VNSGN",
    "country": "Vietnam",
    "city": "Ho Chi Minh",
    "type": "sea",
    "lat": 10.7769,
    "lon": 106.7009,
    "source": "manual",
    "active": true,
    "created_at": "2025-12-25T03:32:25.548619Z"
  },
  {
    "name": "Hai Phong",
    "code": "VNHAP",
    "country": "Vietnam",
    "city": "Hai Phong",
    "type": "sea",
    "lat": 20.8449,
    "lon": 106.6881,
    "source": "manual",
    "active": true,
    "created_at": "2025-12-25T03:32:25.548621Z"
  },
  {
    "name": "Da Nang",
    "code": "VNDAD",
    "country": "Vietnam",
    "city": "Da Nang",
    "type": "sea",
    "lat": 16.0544,
    "lon": 108.2022,
    "source": "manual",
    "active": true,
    "created_at": "2025-12-25T03:32:25.548624Z"
  },
  {
    "name": "Laem Chabang",
    "code": "THLCH",
    "country": "Thailand",
    "city": "Laem Chabang",
    "type": "sea",
    "lat": 13.03,
    "lon": 100.92,
    "source": "manual",
    "active": true,
    "created_at": "2025-12-25T03:32:25.548626Z"
  },
  {
    "name": "Bangkok (Klong Toey)",
    "code": "THBKK",
    "country": "Thailand",
    "city": "Bangkok",
    "type": "sea",
    "lat": 13.7563,
    "lon": 100.5018,
    "source": "manual",
    "active": true,
    "created_at": "2025-12-25T03:32:25.548629Z"
  },
  {
    "name": "Yangon",
    "code": "MMRGN",
    "country": "Myanmar",
    "city": "Yangon",
    "type": "sea",
    "lat": 16.8409,
    "lon": 96.1735,
    "source": "manual",
    "active": true,
    "created_at": "2025-12-25T03:32:25.548631Z"
  },
  {
    "name": "Sihanoukville",
    "code": "KHSKV",
    "country": "Cambodia",
    "city": "Sihanoukville",
    "type": "sea",
    "lat": 10.625,
    "lon": 103.523,
    "source": "manual",
    "active": true,
    "created_at": "2025-12-25T03:32:25.548634Z"
  },
  {
    "name": "Phnom Penh",
    "code": "KHPNH",
    "country": "Cambodia",
    "city": "Phnom Penh",
    "type": "river",
    "lat": 11.5564,
    "lon": 104.9282,
    "source": "manual",
    "active": true,
    "created_at": "2025-12-25T03:32:25.548636Z"
  },
  {
    "name": "Rotterdam",
    "code": "NLRTM",
    "country": "Netherlands",
    "city": "Rotterdam",
    "type": "sea",
    "lat": 51.9167,
    "lon": 4.5,
    "source": "manual",
    "active": true,
    "created_at": "2025-12-25T03:32:25.548639Z"
  },
  {
    "name": "Antwerp",
    "code": "BEANR",
    "country": "Belgium",
    "city": "Antwerp",
    "type": "sea",
    "lat": 51.2194,
    "lon": 4.4025,
    "source": "manual",
    "active": true,
    "created_at": "2025-12-25T03:32:25.548642Z"
  },
  {
    "name": "Hamburg",
    "code": "DEHAM",
    "country": "Germany",
    "city": "Hamburg",
    "type": "sea",
    "lat": 53.5511,
    "lon": 9.9937,
    "source": "manual",
    "active": true,
    "created_at": "2025-12-25T03:32:25.548644Z"
  },
  {
    "name": "Bremerhaven",
    "code": "DEBRV",
    "country": "Germany",
    "city": "Bremerhaven",
    "type": "sea",
    "lat": 53.5396,
    "lon": 8.58,
    "source": "manual",
    "active": true,
    "created_at": "2025-12-25T03:32:25.548647Z"
  },
  {
    "name": "Le Havre",
    "code": "FRLEH",
    "country": "France",
    "city": "Le Havre",
    "type": "sea",
    "lat": 49.4944,
    "lon": 0.1079,
    "source": "manual",
    "active": true,
    "created_at": "2025-12-25T03:32:25.548649Z"
  },
  {
    "name": "Marseille",
    "code": "FRMRS",
    "country": "France",
    "city": "Marseille",
    "type": "sea",
    "lat": 43.2965,
    "lon": 5.3698,
    "source": "manual",
    "active": true,
    "created_at": "2025-12-25T03:32:25.548652Z"
  },
  {
    "name": "Valencia",
    "code": "ESVLC",
    "country": "Spain",
    "city": "Valencia",
    "type": "sea",
    "lat": 39.4699,
    "lon": -0.3763,
    "source": "manual",
    "active": true,
    "created_at": "2025-12-25T03:32:25.548654Z"
  },
  {
    "name": "Algeciras",
    "code": "ESALG",
    "country": "Spain",
    "city": "Algeciras",
    "type": "sea",
    "lat": 36.1408,
    "lon": -5.4563,
    "source": "manual",
    "active": true,
    "created_at": "2025-12-25T03:32:25.548657Z"
  },
  {
    "name": "Barcelona",
    "code": "ESBCN",
    "country": "Spain",
    "city": "Barcelona",
    "type": "sea",
    "lat": 41.3851,
    "lon": 2.1734,
    "source": "manual",
    "active": true,
    "created_at": "2025-12-25T03:32:25.548659Z"
  },
  {
    "name": "Felixstowe",
    "code": "GBFXT",
    "country": "UK",
    "city": "Felixstowe",
    "type": "sea",
    "lat": 51.96,
    "lon": 1.35,
    "source": "manual",
    "active": true,
    "created_at": "2025-12-25T03:32:25.548662Z"
  },
  {
    "name": "London",
    "code": "GBLON",
    "country": "UK",
    "city": "London",
    "type": "river",
    "lat": 51.5074,
    "lon": 0.1278,
    "source": "manual",
    "active": true,
    "created_at": "2025-12-25T03:32:25.548664Z"
  },
  {
    "name": "Southampton",
    "code": "GBSOU",
    "country": "UK",
    "city": "Southampton",
    "type": "sea",
    "lat": 50.9097,
    "lon": -1.4044,
    "source": "manual",
    "active": true,
    "created_at": "2025-12-25T03:32:25.548667Z"
  },
  {
    "name": "Genoa",
    "code": "ITGOA",
    "country": "Italy",
    "city": "Genoa",
    "type": "sea",
    "lat": 44.4056,
    "lon": 8.9463,
    "source": "manual",
    "active": true,
    "created_at": "2025-12-25T03:32:25.548669Z"
  },
  {
    "name": "Naples",
    "code": "ITNAP",
    "country": "Italy",
    "city": "Naples",
    "type": "sea",
    "lat": 40.8518,
    "lon": 14.2681,
    "source": "manual",
    "active": true,
    "created_at": "2025-12-25T03:32:25.548672Z"
  },
  {
    "name": "Leghorn (Livorno)",
    "code": "ITLIV",
    "country": "Italy",
    "city": "Livorno",
    "type": "sea",
    "lat": 43.5485,
    "lon": 10.3106,
    "source": "manual",
    "active": true,
    "created_at": "2025-12-25T03:32:25.548674Z"
  },
  {
    "name": "Piraeus",
    "code": "GRPIR",
    "country": "Greece",
    "city": "Piraeus",
    "type": "sea",
    "lat": 37.94,
    "lon": 23.64,
    "source": "manual",
    "active": true,
    "created_at": "2025-12-25T03:32:25.548677Z"
  },
  {
    "name": "Thessaloniki",
    "code": "GRTHE",
    "country": "Greece",
    "city": "Thessaloniki",
    "type": "sea",
    "lat": 40.6401,
    "lon": 22.9444,
    "source": "manual",
    "active": true,
    "created_at": "2025-12-25T03:32:25.548686Z"
  },
  {
    "name": "Odessa",
    "code": "UAODS",
    "country": "Ukraine",
    "city": "Odessa",
    "type": "sea",
    "lat": 46.4825,
    "lon": 30.7233,
    "source": "manual",
    "active": true,
    "created_at": "2025-12-25T03:32:25.548688Z"
  },
  {
    "name": "Constanta",
    "code": "ROCON",
    "country": "Romania",
    "city": "Constanta",
    "type": "sea",
    "lat": 44.1733,
    "lon": 28.6383,
    "source": "manual",
    "active": true,
    "created_at": "2025-12-25T03:32:25.548691Z"
  },
  {
    "name": "St. Petersburg",
    "code": "RUSPB",
    "country": "Russia",
    "city": "St. Petersburg",
    "type": "sea",
    "lat": 59.9343,
    "lon": 30.3351,
    "source": "manual",
    "active": true,
    "created_at": "2025-12-25T03:32:25.548693Z"
  },
  {
    "name": "Novorossiysk",
    "code": "RUNOV",
    "country": "Russia",
    "city": "Novorossiysk",
    "type": "sea",
    "lat": 44.7233,
    "lon": 37.7686,
    "source": "manual",
    "active": true,
    "created_at": "2025-12-25T03:32:25.548696Z"
  },
  {
    "name": "Murmansk",
    "code": "RUMUR",
    "country": "Russia",
    "city": "Murmansk",
    "type": "sea",
    "lat": 68.9585,
    "lon": 33.0827,
    "source": "manual",
    "active": true,
    "created_at": "2025-12-25T03:32:25.548698Z"
  },
  {
    "name": "Montreal",
    "code": "CAMTR",
    "country": "Canada",
    "city": "Montreal",
    "type": "river",
    "lat": 45.5017,
    "lon": -73.5673,
    "source": "manual",
    "active": true,
    "created_at": "2025-12-25T03:32:25.548701Z"
  },
  {
    "name": "Vancouver",
    "code": "CAVAN",
    "country": "Canada",
    "city": "Vancouver",
    "type": "sea",
    "lat": 49.2827,
    "lon": -123.1207,
    "source": "manual",
    "active": true,
    "created_at": "2025-12-25T03:32:25.548703Z"
  },
  {
    "name": "Halifax",
    "code": "CAHAL",
    "country": "Canada",
    "city": "Halifax",
    "type": "sea",
    "lat": 44.6488,
    "lon": -63.5752,
    "source": "manual",
    "active": true,
    "created_at": "2025-12-25T03:32:25.548706Z"
  },
  {
    "name": "New York & New Jersey",
    "code": "USNYC",
    "country": "USA",
    "city": "New York",
    "type": "sea",
    "lat": 40.7128,
    "lon": -74.006,
    "source": "manual",
    "active": true,
    "created_at": "2025-12-25T03:32:25.548708Z"
  },
  {
    "name": "Los Angeles",
    "code": "USLAX",
    "country": "USA",
    "city": "Los Angeles",
    "type": "sea",
    "lat": 33.7405,
    "lon": -118.2667,
    "source": "manual",
    "active": true,
    "created_at": "2025-12-25T03:32:25.548711Z"
  },
  {
    "name": "Long Beach",
    "code": "USLGB",
    "country": "USA",
    "city": "Long Beach",
    "type": "sea",
    "lat": 33.7701,
    "lon": -118.1937,
    "source": "manual",
    "active": true,
    "created_at": "2025-12-25T03:32:25.548713Z"
  },
  {
    "name": "Savannah",
    "code": "USSAV",
    "country": "USA",
    "city": "Savannah",
    "type": "sea",
    "lat": 32.0809,
    "lon": -81.0912,
    "source": "manual",
    "active": true,
    "created_at": "2025-12-25T03:32:25.548716Z"
  },
  {
    "name": "Houston",
    "code": "USHOU",
    "country": "USA",
    "city": "Houston",
    "type": "sea",
    "lat": 29.7604,
    "lon": -95.3698,
    "source": "manual",
    "active": true,
    "created_at": "2025-12-25T03:32:25.548718Z"
  },
  {
    "name": "Miami",
    "code": "USMIA",
    "country": "USA",
    "city": "Miami",
    "type": "sea",
    "lat": 25.7617,
    "lon": -80.1918,
    "source": "manual",
    "active": true,
    "created_at": "2025-12-25T03:32:25.548721Z"
  },
  {
    "name": "Santos",
    "code": "BRSSZ",
    "country": "Brazil",
    "city": "Santos",
    "type": "sea",
    "lat": -23.9678,
    "lon": -46.3336,
    "source": "manual",
    "active": true,
    "created_at": "2025-12-25T03:32:25.548723Z"
  },
  {
    "name": "Rio de Janeiro",
    "code": "BRRIO",
    "country": "Brazil",
    "city": "Rio de Janeiro",
    "type": "sea",
    "lat": -22.9068,
    "lon": -43.1729,
    "source": "manual",
    "active": true,
    "created_at": "2025-12-25T03:32:25.548726Z"
  },
  {
    "name": "Buenos Aires",
    "code": "ARBUE",
    "country": "Argentina",
    "city": "Buenos Aires",
    "type": "sea",
    "lat": -34.6037,
    "lon": -58.3816,
    "source": "manual",
    "active": true,
    "created_at": "2025-12-25T03:32:25.548728Z"
  },
  {
    "name": "Montevideo",
    "code": "UYMON",
    "country": "Uruguay",
    "city": "Montevideo",
    "type": "sea",
    "lat": -34.9011,
    "lon": -56.1645,
    "source": "manual",
    "active": true,
    "created_at": "2025-12-25T03:32:25.548731Z"
  },
  {
    "name": "Valpara\u00edso",
    "code": "CLVAL",
    "country": "Chile",
    "city": "Valpara\u00edso",
    "type": "sea",
    "lat": -33.0472,
    "lon": -71.6127,
    "source": "manual",
    "active": true,
    "created_at": "2025-12-25T03:32:25.548733Z"
  },
  {
    "name": "Callao",
    "code": "PECLL",
    "country": "Peru",
    "city": "Callao",
    "type": "sea",
    "lat": -12.0561,
    "lon": -77.1186,
    "source": "manual",
    "active": true,
    "created_at": "2025-12-25T03:32:25.548736Z"
  },
  {
    "name": "Durban",
    "code": "ZADUR",
    "country": "South Africa",
    "city": "Durban",
    "type": "sea",
    "lat": -29.8579,
    "lon": 31.0292,
    "source": "manual",
    "active": true,
    "created_at": "2025-12-25T03:32:25.548738Z"
  },
  {
    "name": "Cape Town",
    "code": "ZACTP",
    "country": "South Africa",
    "city": "Cape Town",
    "type": "sea",
    "lat": -33.9249,
    "lon": 18.4241,
    "source": "manual",
    "active": true,
    "created_at": "2025-12-25T03:32:25.548741Z"
  },
  {
    "name": "Dar es Salaam",
    "code": "TZDAR",
    "country": "Tanzania",
    "city": "Dar es Salaam",
    "type": "sea",
    "lat": -6.7924,
    "lon": 39.2083,
    "source": "manual",
    "active": true,
    "created_at": "2025-12-25T03:32:25.548743Z"
  },
  {
    "name": "Mombasa",
    "code": "KEMBA",
    "country": "Kenya",
    "city": "Mombasa",
    "type": "sea",
    "lat": -4.0435,
    "lon": 39.6682,
    "source": "manual",
    "active": true,
    "created_at": "2025-12-25T03:32:25.548746Z"
  },
  {
    "name": "Lagos (Apapa)",
    "code": "NGLAG",
    "country": "Nigeria",
    "city": "Lagos",
    "type": "sea",
    "lat": 6.5244,
    "lon": 3.3792,
    "source": "manual",
    "active": true,
    "created_at": "2025-12-25T03:32:25.548748Z"
  },
  {
    "name": "Tema",
    "code": "GHTEM",
    "country": "Ghana",
    "city": "Tema",
    "type": "sea",
    "lat": 5.66,
    "lon": 0.0167,
    "source": "manual",
    "active": true,
    "created_at": "2025-12-25T03:32:25.548751Z"
  },
  {
    "name": "Alexandria",
    "code": "EGALY",
    "country": "Egypt",
    "city": "Alexandria",
    "type": "sea",
    "lat": 31.2001,
    "lon": 29.9187,
    "source": "manual",
    "active": true,
    "created_at": "2025-12-25T03:32:25.548753Z"
  },
  {
    "name": "Alexandria (Suez Canal)",
    "code": "EGSUE",
    "country": "Egypt",
    "city": "Suez",
    "type": "sea",
    "lat": 29.9668,
    "lon": 32.5498,
    "source": "manual",
    "active": true,
    "created_at": "2025-12-25T03:32:25.548756Z"
  },
  {
    "name": "Casablanca",
    "code": "MOCAS",
    "country": "Morocco",
    "city": "Casablanca",
    "type": "sea",
    "lat": 33.5731,
    "lon": -7.5898,
    "source": "manual",
    "active": true,
    "created_at": "2025-12-25T03:32:25.548758Z"
  },
  {
    "name": "Tangier Med",
    "code": "MOTNG",
    "country": "Morocco",
    "city": "Tangier",
    "type": "sea",
    "lat": 35.7595,
    "lon": -5.805,
    "source": "manual",
    "active": true,
    "created_at": "2025-12-25T03:32:25.548761Z"
  }
]